Category,Revenue,Orders,Units_Sold,Avg_Order_Value
Women,4345493.1,1259,1714,3451.543367752184
Men,4245742.0,1255,1708,3383.061354581673
Kids,2877203.3,1243,1693,2314.7251005631533
Accessories,2554342.0,1243,1683,2054.9814963797267
